molid,b_cs,b_cl,b_cw,b_bs,b_bl,b_bw,RS,CS,AS
5034,0.927835051546,346,-0.062205370306482016,0.785714285714,53,-0.520068149795816,-6.18714,0.830985915492958,0.7020000000000001
448008,informer,informer,informer,0.828125,117,-0.531135542178881,-3.96429,0.5714285714285711,0.793589743589744
449054,0.882978723404,254,-0.10764380327149402,0.821917808219,105,-0.44783033171869413,-28.69,0.8125,0.845192307692308
453216,0.8314606741570001,88,-0.13378203717326695,0.8314606741570001,253,-0.39787275181457493,-3.89571,0.943127962085308,0.932635983263598
579429,0.849462365591,142,-0.13039463321222203,0.849462365591,172,-0.44058540140243707,-2.1671400000000003,0.954545454545455,0.942086330935252
599038,0.9157894736839999,332,-0.0792383281598181,0.9,329,-0.338293521246973,-1.86143,0.952,0.939245283018868
766948,0.877551020408,234,-0.11591302909778897,0.877551020408,251,-0.37332312162854697,-0.41,0.9393939393939392,0.928761061946903
766949,informer,informer,informer,0.868686868687,262,-0.4198975887332051,-5.648569999999999,0.938775510204082,0.928125
5329404,0.9069767441859999,315,-0.13382611757696805,0.8805970149250001,281,-0.358445013089133,-16.5357,0.949579831932773,0.9373540856031128
5329489,0.894736842105,279,-0.10003284575341398,0.8369565217389999,141,-0.5176996657083941,-21.5657,0.963746223564955,0.951506024096386
5329801,0.8777777777779999,235,-0.11309753809302805,0.803571428571,48,-0.48414720938862604,-10.0129,0.9263803680981588,0.91701030927835
5329802,0.865168539326,192,-0.13177783270836402,0.7818181818179999,18,-0.526307054262393,-9.212860000000001,0.9527559055118108,0.940148698884758
5329829,0.8348623853210001,99,-0.14576569537866893,informer,informer,informer,informer,0.842105263157895,informer
5329831,0.855855855856,164,-0.12981757567076702,0.854700854701,213,-0.503711107230651,-60.5429,0.857142857142857,0.8669421487603309
5329849,0.891304347826,267,-0.14377812212863,0.891304347826,321,-0.39596861563343205,-16.3257,0.9254658385093172,0.916145833333333
5329850,0.893617021277,273,-0.13001959944188798,0.712121212121,45,-0.6057527543636629,-33.1071,0.925925925925926,0.9165803108808293
5329853,0.8426966292129999,122,-0.19077672850830307,0.830508474576,168,-0.545315815478514,-36.1743,0.6363636363636359,0.803658536585366
5329854,informer,informer,informer,0.8068181818179999,157,-0.558958380736911,-55.8229,0.957446808510638,0.9450511945392492
5329855,0.8061224489800001,46,-0.19690428305222296,0.8061224489800001,151,-0.5821138082950801,-34.8986,0.947826086956522,0.9356
5329857,0.82,63,-0.17360594172141705,0.82,187,-0.564860265841124,-24.9986,0.796610169491525,0.8390000000000001
5329860,0.82,64,-0.17914696353111006,0.82,174,-0.6092835980733861,-82.2529,0.7073170731707321,0.68
5329861,0.7731958762890001,15,-0.20944074071685792,0.7731958762890001,43,-0.619072894029566,-82.8443,0.8,0.8405940594059409
5329868,0.79,23,-0.197896241187021,0.79,91,-0.6102028572097039,-66.9657,0.925,0.7232142857142858
5329875,0.794117647059,25,-0.19514458679736602,0.794117647059,103,-0.5824683018622909,-81.7571,0.952569169960474,0.939925373134328
5482344,0.876404494382,229,-0.11089933297265203,informer,informer,informer,-42.8643,informer,0.4416666666666671
5793317,0.8989898989899999,296,-0.08651388980050506,0.47457627118600004,16,-0.837005583895978,-7.59571,0.9457013574660632,0.625
6518526,0.7979797979800001,31,-0.17722829284053995,0.7979797979800001,121,-0.5948621495717219,-81.6857,0.6842105263157889,0.8149425287356321
6539046,0.885416666667,257,-0.09984629329539499,0.6461538461540001,17,-0.7517874063030578,-10.4986,0.955223880597015,0.6444444444444439
6539047,informer,informer,informer,0.465517241379,15,-0.8273199016946939,-10.6786,0.944700460829493,0.521052631578947
6539049,0.908256880734,320,-0.083807858028554,0.529411764706,22,-0.7578757875391409,-12.3257,0.944186046511628,0.5111111111111111
6539056,0.904761904762,309,-0.08307615515420098,0.426229508197,3,-0.865285753503956,informer,0.9452054794520552,0.3571428571428571
6539075,0.9019607843140001,303,-0.08412233884025096,0.5,4,-0.895340323402461,-15.0214,0.946666666666667,0.63030303030303
6539081,0.8691588785050001,210,-0.10943529854361797,0.56338028169,5,-0.8459563162786341,informer,informer,informer
6539085,0.896551724138,287,-0.09068125038222301,0.565789473684,28,-0.7558149372737669,-10.5014,0.9461883408071752,0.375
6539086,0.887931034483,264,-0.09481959938130399,0.5714285714289999,39,-0.7354676058528222,-13.0114,0.945945945945946,0.266666666666667
6539087,0.891891891892,268,-0.09151818577316699,0.514285714286,21,-0.7739926525040661,-13.3586,0.9464285714285708,0.3
6539089,0.891891891892,269,-0.091054948407291,0.575342465753,29,-0.7499552596938792,-9.264289999999999,0.9558823529411772,0.32
6539093,0.88,247,-0.099761284179801,0.52380952381,27,-0.7830682049982081,-28.2157,0.945454545454545,0.9342857142857142
6539097,0.91,322,-0.08058753344511198,0.5245901639339999,33,-0.726795941471825,-8.86571,0.9148936170212768,0.9069364161849708
6539099,0.9,298,-0.08645909383927299,0.532258064516,34,-0.784153933691599,-6.95,0.914285714285714,0.9063953488372092
6539107,0.92523364486,344,-0.06797461919250299,informer,informer,informer,-29.9429,informer,0.2
6539108,0.915094339623,330,-0.079297104108798,informer,informer,informer,-45.9843,informer,0.1
6539361,informer,informer,informer,0.8235294117649999,144,-0.6918123114884782,-40.0114,0.823529411764706,0.5
6539364,0.868686868687,205,-0.12905050337232704,0.865853658537,225,-0.534826596219839,-9.862860000000001,0.9508196721311468,0.7293103448275859
6539369,0.872549019608,220,-0.126372890170746,0.8705882352940001,243,-0.5342252562586,-36.4329,0.951219512195122,0.453846153846154
6539382,0.872727272727,222,-0.125068560219246,0.860869565217,325,-0.4826395912569921,-4.7,0.80952380952381,0.697959183673469
6539385,0.826923076923,84,-0.16282213724892797,0.826923076923,247,-0.581608988310192,-12.31,0.9518072289156628,0.7322033898305079
6539390,0.845454545455,133,-0.144980773452005,0.834782608696,266,-0.556279725898253,-7.514289999999999,0.8441558441558441,0.709615384615385
6539397,0.87962962963,243,-0.123571646149501,0.87962962963,337,-0.43525952691786296,-4.16,0.858823529411765,0.7132075471698109
6539409,0.8317757009350001,90,-0.14776379225312494,0.8317757009350001,201,-0.560677591062368,-65.4014,0.952191235059761,0.939473684210526
6539411,0.8545454545450001,159,-0.14074812029117695,0.85,228,-0.57464146537881,-10.09,0.8208955223880601,0.850925925925926
6539412,0.839622641509,111,-0.150445484862887,0.8289473684209999,162,-0.6309399082172331,-26.0471,0.956678700361011,0.9442906574394458
6539413,0.848214285714,137,-0.141411399854766,0.848214285714,252,-0.5879978955917329,-12.2443,0.85,0.862393162393162
6539414,0.845454545455,134,-0.14561190758717202,0.845454545455,240,-0.5995978801038699,-37.0,0.84,0.857522123893805
6539417,0.881818181818,251,-0.11252258824719802,0.8695652173909999,231,-0.48263983126269605,-2.53143,0.848101265822785,0.8612068965517241
6539418,0.877192982456,231,-0.11510459040714002,0.876288659794,267,-0.4687449571775231,-8.748569999999999,0.818181818181818,0.8481132075471701
6539422,0.8793103448280001,242,-0.11487834889214195,0.878787878788,279,-0.46016257568200686,-33.4514,0.9514170040485832,0.938783269961977
6539424,0.904761904762,310,-0.09951892956554997,0.8705882352940001,249,-0.4477299289150999,-25.9643,0.853658536585366,0.8647058823529409
6539430,0.881818181818,252,-0.11756665678963403,0.881818181818,317,-0.449056953669498,-46.4229,0.956989247311828,0.9446735395189
6539439,0.868421052632,203,-0.11866689084430902,0.868421052632,305,-0.4591126712478991,-3.98286,0.837837837837838,0.85625
6539440,0.841584158416,119,-0.143305520317965,0.841584158416,245,-0.5287267054280169,-38.5457,0.86046511627907,0.868032786885246
6539451,0.918604651163,337,-0.08577194493181196,0.82,94,-0.493622372563045,-8.76143,0.950207468879668,0.938076923076923
6539453,0.83908045977,108,-0.149031725286037,0.735849056604,6,-0.673734213635193,-14.05,0.538461538461538,0.7881578947368421
6539466,0.894736842105,280,-0.09854906564768098,0.816666666667,108,-0.524812641537628,-2.94714,0.625,0.8012345679012349
6539478,0.908163265306,319,-0.087989266814611,0.822580645161,83,-0.5122689650880901,-3.29429,0.6,0.556521739130435
6539482,0.904255319149,307,-0.09135160578613298,0.810344827586,90,-0.51810364102746,-7.0571399999999995,0.586206896551724,0.79620253164557
6539487,0.911764705882,326,-0.08483039627811402,0.85,148,-0.452232389992937,-1.36429,0.9506172839506172,0.635294117647059
6539502,0.8723404255320001,218,-0.11075877500373695,0.8196721311480001,124,-0.543863577556574,-3.0628599999999997,0.6129032258064521,0.79875
6539521,0.918367346939,336,-0.07229033288019798,0.8387096774189999,204,-0.404925429611145,-5.1,0.555555555555556,0.7909090909090909
6539522,0.864583333333,191,-0.11848127852999904,0.728813559322,0,-0.566152252358485,-6.79857,0.950413223140496,0.938314176245211
6539567,0.777777777778,17,-0.18490097691508306,0.777777777778,30,-0.6378332513125411,-16.3857,0.955719557195572,0.9433098591549302
6539574,0.833333333333,93,-0.13754278871562903,0.8217821782179999,212,-0.4978951620154432,-68.03,0.0,0.931196581196581
6539584,0.81,52,-0.15565647475893596,0.7884615384620001,80,-0.5358464172862889,-12.9071,0.942028985507246,0.931489361702128
6539592,0.817204301075,62,-0.15247850919615102,0.8061224489800001,152,-0.5180001718355431,-9.7,0.0769230769230769,0.744444444444444
6539593,informer,informer,informer,0.835051546392,237,-0.49588300541871005,-56.2843,0.9550561797752808,0.94270462633452
6539597,0.84375,127,-0.12909053068852702,0.7567567567569999,47,-0.653110881140839,-11.39,0.25,0.756060606060606
6539598,0.8484848484849999,139,-0.13138441306329907,0.782051282051,63,-0.6023762146843691,-15.3414,0.9553903345724908,0.94290780141844
6539599,0.851485148515,150,-0.131736737581625,0.839622641509,153,-0.529999395384838,-11.44,0.2,0.752307692307692
6539600,0.84693877551,136,-0.13044502010193704,0.834951456311,118,-0.55588103222602,-10.9271,0.14285714285714302,0.7484375
6539603,0.7978723404260001,30,-0.16267839141213894,0.787878787879,74,-0.5427314149849969,-41.8357,0.942307692307692,0.9317796610169492
6539607,0.7954545454549999,27,-0.16520492742934503,0.784946236559,68,-0.5552054625994531,-35.9814,0.956363636363636,0.94390243902439
6539611,0.8383838383840001,107,-0.13690292893951594,0.8155339805830001,188,-0.5193256601043618,-21.5986,0.955555555555556,0.943109540636042
6539617,0.8404255319149999,117,-0.1327657369890491,0.714285714286,40,-0.6914988833248581,-25.6914,0.0,0.763235294117647
6539620,0.851063829787,149,-0.130400773343122,0.710144927536,41,-0.682448886200208,-7.641430000000001,0.294117647058823,0.759701492537313
6539751,0.854166666667,157,-0.13197054183901596,0.83,236,-0.45659056546508503,-21.5743,0.806451612903226,0.8436893203883501
6603857,0.87962962963,244,-0.114133040993047,0.867256637168,209,-0.462018854416407,-3.47571,0.948936170212766,0.936862745098039
9604911,0.844660194175,131,-0.140452940700671,0.8356164383560001,186,-0.5741413810981788,-92.18,0.949367088607595,informer
9604912,0.8666666666670001,197,-0.12407848837186694,0.819444444444,132,-0.5561324108435389,-89.0457,0.929411764705882,0.7263157894736841
9604915,0.865384615385,193,-0.12349842575749802,0.849315068493,222,-0.509806263468248,-79.5,0.927272727272727,0.917857142857143
9604922,0.80198019802,40,-0.16959202217557004,0.80198019802,139,-0.6197617881032491,-80.1314,0.96551724137931,0.953735632183908
9604926,0.872727272727,223,-0.11470053613466599,0.858695652174,189,-0.4704722526936831,-79.45,0.965417867435158,0.953602305475504
9604940,0.84,113,-0.14478183303620204,0.828571428571,156,-0.5948067143753301,-37.9229,0.949152542372881,0.937109375
9604943,0.785714285714,22,-0.18195157699463896,0.785714285714,79,-0.670212041692668,-79.7143,0.9651162790697672,0.9531976744186048
9604948,0.839622641509,112,-0.142132075391802,0.8181818181820001,99,-0.6500654537396939,-86.7757,0.965317919075145,0.953468208092486
9604958,0.843137254902,125,-0.14192294179638604,0.833333333333,180,-0.5748964165464551,-67.5043,0.9487179487179492,0.9366141732283472
9604970,0.855769230769,161,-0.128157260386831,0.8356164383560001,192,-0.49478591185622295,-4.66143,0.95729537366548,0.94486301369863
9800117,0.865384615385,194,-0.11292764224246502,0.8317757009350001,248,-0.413461107824982,-4.89571,0.947136563876652,0.934817813765182
9822610,0.802083333333,42,-0.18259669546073504,informer,informer,informer,-73.8629,0.960132890365448,0.94789644012945
9826308,informer,informer,informer,0.8,122,-0.5549152523569508,-18.29,0.962848297213622,0.669767441860465
9827373,0.8571428571430001,170,-0.13077402874376096,0.805555555556,54,-0.598278318660187,-21.0757,0.647058823529412,0.806024096385542
9857146,0.879120879121,241,-0.105230719280656,0.8783783783779999,273,-0.3871125624704961,-6.31571,0.9611650485436892,0.949050632911392
9858084,0.8666666666670001,198,-0.12006196410697795,0.8630136986299999,197,-0.4634956286179941,-20.5986,0.953667953667954,0.941025641025641
9858662,0.928571428571,347,-0.06948383606566805,0.634920634921,11,-0.6793629232020351,-10.4514,0.74468085106383,0.584615384615385
9873849,0.833333333333,94,-0.14399155122681606,0.824427480916,131,-0.5295678248145509,-0.128571,0.9540229885057472,0.941454545454545
9885504,0.878787878788,239,-0.103074634265849,0.843137254902,302,-0.38243454280414396,-0.995714,0.5,0.782432432432432
9890357,0.8,36,-0.15984119137956596,0.8,133,-0.535074567041489,-3.8414300000000003,0.948275862068966,0.9361111111111108
9901444,0.92,340,-0.07801779751537097,0.587301587302,10,-0.7614880653080079,-9.84143,0.75,0.68936170212766
9901964,informer,informer,informer,0.796610169492,36,-0.549139372426583,-50.4386,0.9268292682926828,0.917435897435897
9910722,informer,informer,informer,0.8504672897200001,295,-0.448905333422181,0.168571,0.94392523364486,0.9334710743801652
9917474,0.862903225806,186,-0.125683866835673,0.838095238095,136,-0.48722608459273203,-2.74286,0.932203389830508,0.922222222222222
9922527,0.904255319149,308,-0.09034053050962298,0.816901408451,93,-0.398615721847978,-5.80714,0.80327868852459,0.842156862745098
9926067,0.929292929293,349,-0.070683331715328,0.701492537313,35,-0.652954967697909,-22.4843,0.7391304347826091,0.4875
9927432,0.876288659794,228,-0.11484030583527104,0.767123287671,57,-0.54387777509264,informer,0.939698492462312,informer
9944269,0.90099009901,300,-0.08842858631616798,0.6857142857140001,23,-0.6316282213468808,-12.0629,0.733333333333333,0.5760000000000001
9947709,0.87,213,-0.109006994255742,0.87,268,-0.420193650465839,-0.498571,0.9172413793103448,0.9090395480225992
9951300,0.872549019608,221,-0.11300963286904399,0.8705882352940001,255,-0.4365266160615238,-4.25429,0.943396226415094,0.9329166666666672
10113568,0.8691588785050001,206,-0.11615250076024194,0.8691588785050001,208,-0.44083284614012,-49.7529,0.941176470588235,0.93030303030303
10125875,0.910891089109,323,-0.09367209028745603,0.885714285714,315,-0.44903999624610696,-5.69,0.9625,0.9503086419753092
10133732,0.8365384615379999,103,-0.13460031719250007,0.836363636364,256,-0.4856046476196661,-4.04143,0.8461538461538459,0.86
10158653,0.854368932039,158,-0.13132748287065002,0.816901408451,114,-0.5239488350134169,-4.41,0.944444444444444,0.933744855967078
10160775,0.8691588785050001,207,-0.12323606032308695,0.824324324324,150,-0.5457204509511719,-39.9729,0.9408866995073892,0.93
10171618,0.881188118812,249,-0.10758808614520901,0.8571428571430001,285,-0.47845404458890506,-5.62571,0.964497041420118,0.952366863905325
10173796,0.833333333333,91,-0.15136519294277906,informer,informer,informer,-61.6157,informer,informer
10193464,0.875,226,-0.11130009823004601,0.875,331,-0.42419215747238204,-7.01,0.961538461538462,0.735
10193482,0.8962264150939999,283,-0.10470020336306304,0.872727272727,297,-0.4677326402822181,-2.59429,0.964601769911504,0.952507374631268
10200651,0.8971962616820001,289,-0.10068865164966796,0.8938053097349999,299,-0.391359917726377,-4.42429,0.9449541284403672,0.9340163934426228
10215776,0.885714285714,258,-0.114717593225628,0.872727272727,261,-0.526862593229137,-33.13,0.833333333333333,0.7058823529411759
10236195,0.849462365591,141,-0.12409889832030002,0.8367346938779999,272,-0.426119091463699,-4.40571,0.956521739130435,0.944097222222222
10272700,0.7961165048540001,28,-0.16489146126962695,0.7961165048540001,110,-0.575445462038271,-9.72857,0.918367346938776,0.910055865921788
10286242,0.8989898989899999,294,-0.10264278878869804,0.888888888889,309,-0.45329984046849814,-2.21714,0.957597173144876,0.9452380952380948
10294883,0.916666666667,334,-0.08300408228370099,0.873563218391,239,-0.416098099692891,-74.8243,0.931818181818182,0.9218446601941752
10295475,0.894230769231,274,-0.09766928720513103,0.87037037037,312,-0.403676301782693,-4.74,0.9548872180451128,0.9425
10308522,0.894230769231,275,-0.11319019763351902,informer,informer,informer,-49.1857,informer,0.545454545454545
10321190,0.841121495327,118,-0.13150820705649002,0.81981981982,194,-0.46812337569579815,-3.96286,0.956834532374101,0.94448275862069
10469531,0.8571428571430001,167,-0.12318228858050395,0.8217821782179999,206,-0.51017137257508,-1.02429,0.9616613418530352,0.9495297805642628
10475737,0.826530612245,81,-0.140437256644647,0.826530612245,241,-0.477803774682523,-1.9785700000000002,0.965714285714286,0.954
11155941,0.8235294117649999,73,-0.17791743003997507,0.8235294117649999,198,-0.5599168165381879,-1.8671400000000002,0.964071856287425,0.9519402985074632
11163861,0.835051546392,101,-0.16613407140415404,informer,informer,informer,-61.3271,informer,0.53
11231939,0.804597701149,44,-0.20752859549449604,0.804597701149,145,-0.5049514508048482,-11.82,0.7647058823529409,0.825
11233873,0.808080808081,48,-0.15655718303210003,0.762376237624,50,-0.6474173992363911,-6.704289999999999,0.953846153846154,0.9412408759124092
11244488,0.797752808989,29,-0.222026009652112,0.797752808989,115,-0.5554034158817209,-50.9429,0.755102040816326,0.8211111111111109
11247002,0.8666666666670001,195,-0.11394096020406695,0.833333333333,106,-0.5506369336535858,-2.17429,0.953125,0.64
11269477,0.87037037037,215,-0.11583929421998201,0.837837837838,125,-0.5572151264290199,-9.97,0.957142857142857,0.6526315789473679
11273032,0.814516129032,57,-0.154398938915046,0.814516129032,175,-0.5396232031107071,-3.68571,0.963302752293578,0.951063829787234
11281930,0.906542056075,313,-0.08779628612524396,0.79012345679,58,-0.507289745791116,informer,0.9405940594059408,0.9296943231441048
11284937,0.8217054263570001,68,-0.14619258986363498,0.8217054263570001,205,-0.505133148207509,-3.9542900000000003,0.962145110410095,0.95
11290221,0.86170212766,182,-0.11911745318483202,0.810810810811,81,-0.46590400765376605,-23.0286,0.9510204081632648,0.938549618320611
11307581,0.825396825397,79,-0.144739217523015,0.825396825397,160,-0.540995435741608,-2.80143,0.962382445141066,0.95015479876161
11328632,0.813725490196,56,-0.17946753574800595,0.813725490196,169,-0.5573839623436491,informer,0.964179104477612,0.952083333333333
11392350,0.908163265306,318,-0.12401277925964402,0.9,304,-0.36120961102180094,-21.6114,0.76,0.823076923076923
11453116,0.861111111111,179,-0.11784053377356699,0.839285714286,161,-0.5411593388658031,-4.73714,0.933701657458563,0.613333333333333
11473228,0.910891089109,324,-0.08771095011020803,0.833333333333,123,-0.3887099434398161,-15.1829,0.952380952380952,0.939700374531835
11502866,0.859813084112,175,-0.12621379907748803,0.859813084112,311,-0.42983831335492195,-5.1528599999999996,0.953307392996109,0.9405904059040592
11569498,0.839285714286,109,-0.13511878464407207,0.808695652174,89,-0.580189564360272,-4.95714,0.9610389610389608,0.9488888888888892
11604319,0.8971962616820001,290,-0.09773955512959495,0.883928571429,303,-0.42281462170470385,-57.2386,0.927710843373494,0.9182741116751272
11605761,0.824561403509,74,-0.15031160042926,0.824561403509,223,-0.5075770679742481,-0.631429,0.931034482758621,0.9210784313725492
11617559,0.8404255319149999,115,-0.1394835898967351,0.8095238095239999,78,-0.5142838714074821,-1.82857,0.942583732057416,0.9320675105485228
11626927,0.862385321101,184,-0.12330284582351203,0.860869565217,227,-0.47832251158555905,informer,informer,0.464285714285714
11627264,0.824561403509,75,-0.150339250460299,0.824561403509,229,-0.4895287473376941,-2.64,0.92814371257485,0.918686868686869
11640889,0.849557522124,143,-0.13088255084774397,0.849557522124,283,-0.4512334398998939,-3.2928599999999997,0.953488372093023,0.940808823529412
11656050,0.821428571429,66,-0.15396268001367097,0.821428571429,193,-0.49552981009748687,-3.59571,0.9285714285714292,0.9190954773869352
11669455,0.8532110091740001,154,-0.12802350572503496,0.8532110091740001,274,-0.445389235732222,-2.78571,0.928994082840237,0.9195
11680113,0.9157894736839999,331,-0.07894225957867809,0.894736842105,327,-0.3412003037126651,-3.01857,0.8285714285714291,0.8536363636363641
11717091,0.8842105263160001,256,-0.10842357364606897,0.87012987013,233,-0.426083242986527,-28.7929,0.930635838150289,0.920689655172414
11751266,0.8532110091740001,155,-0.12273060932045997,0.8421052631579999,173,-0.5066208225820719,informer,0.0,0.6486486486486489
11957417,0.78431372549,20,-0.177444387618129,0.78431372549,67,-0.5692303911507249,-42.9129,0.9365079365079372,0.619354838709677
11959377,0.9026548672570001,304,-0.08151818997724697,0.860869565217,326,-0.286471941262043,-2.25714,0.33333333333333304,0.766666666666667
11959682,0.887931034483,262,-0.10153595868649598,0.8852459016390001,343,-0.3424160545302319,-2.3771400000000003,0.368421052631579,0.77
11959683,0.887931034483,263,-0.10153595868649598,0.8852459016390001,344,-0.3424160545302319,-2.11286,0.4,0.675
15872388,0.855769230769,160,-0.125715529492726,0.8545454545450001,301,-0.43946368830248594,0.0557143,0.9484978540772528,0.936363636363636
15872391,0.861111111111,180,-0.11665923249884798,0.859649122807,318,-0.43010260531560796,-5.48286,0.454545454545455,0.7763888888888891
15872400,0.858490566038,172,-0.12360563904732001,0.8571428571430001,314,-0.4404197737610679,-2.5257099999999997,0.42857142857142894,0.7732394366197181
15872403,0.8348623853210001,95,-0.13635285617349993,0.8348623853210001,259,-0.458027729849601,-6.5,0.946902654867257,0.934552845528455
15872404,0.838095238095,105,-0.13720546177740103,0.837837837838,271,-0.4703787366773541,-6.90857,0.4782608695652171,0.7794520547945211
15872406,0.792079207921,24,-0.17519411456044806,0.792079207921,97,-0.5306421024293921,-3.9985699999999995,0.956043956043956,0.943508771929825
15872407,0.855855855856,162,-0.12467010287604802,0.854700854701,307,-0.43639440265734897,-5.84857,0.948051948051948,0.935856573705179
15872408,0.8490566037739999,140,-0.12674506175583405,0.848214285714,264,-0.460299651731303,-1.25714,0.675675675675676,0.8127906976744191
15872409,0.844036697248,128,-0.128933405079317,0.84347826087,171,-0.534012396308525,-4.4814300000000005,0.956204379562044,0.943706293706294
16048194,0.851063829787,148,-0.130622215587301,0.844155844156,95,-0.531069153385209,-4.108569999999999,0.93717277486911,0.92648401826484
16048303,informer,informer,informer,0.788235294118,85,-0.562756872957086,-5.00857,0.9381443298969068,0.927477477477477
16048415,0.8522727272730001,152,-0.12785496143346195,0.851063829787,257,-0.4636371100867529,-40.0743,0.9375,0.926818181818182
16051023,0.80701754386,47,-0.156490364472195,0.80701754386,158,-0.552690645245311,-8.25286,0.0,0.832291666666667
16099859,0.8677685950409999,201,-0.12067935330493107,0.8571428571430001,319,-0.4577052228921129,-4.31286,0.936170212765957,0.9258064516129028
16219401,0.9,297,-0.09562042855785,0.736111111111,51,-0.630266934581361,-35.5757,0.52,0.785333333333333
16236469,0.9245283018870001,341,-0.07195553421232896,0.889908256881,341,-0.26084291379227303,-5.79,0.865168539325843,0.8701612903225809
16664858,0.8504672897200001,146,-0.13631890347072795,0.849557522124,263,-0.4495853993086778,-4.05429,0.938461538461538,0.92780269058296
17892742,0.80198019802,37,-0.17177652249529804,0.792452830189,98,-0.547351080812523,-9.8,0.949790794979079,0.937596899224806
18536613,0.8504672897200001,147,-0.12524703371132195,0.849557522124,289,-0.44657208253881897,-4.44,0.947598253275109,0.935341365461847
18536627,0.858490566038,173,-0.118259279915191,0.846846846847,288,-0.442365297001057,-1.68143,0.947368421052632,0.93508064516129
21701565,0.8279569892470001,85,-0.15658776890733891,0.8279569892470001,142,-0.5869344554589898,-81.8,0.881188118811881,0.8816176470588242
21951965,0.844262295082,130,-0.137251972316697,0.825396825397,165,-0.518372015880473,-2.96429,0.9325842696629209,0.922596153846154
22464113,0.824742268041,76,-0.142990055180999,0.813725490196,176,-0.475249286249422,-8.32429,0.965616045845272,0.9538681948424068
22464120,0.808510638298,49,-0.15192830871729504,0.808510638298,163,-0.47059549161813097,-30.36,0.8518518518518521,0.863559322033898
22609796,0.906542056075,314,-0.09986743534090697,0.847058823529,137,-0.4877298751030061,-1.3028600000000001,0.932960893854749,0.922966507177033
22727427,0.878504672897,237,-0.11518634750342502,0.8522727272730001,113,-0.523712961754634,-5.55429,0.9648093841642232,0.952785923753666
23646936,0.872549019608,219,-0.11255584922602499,0.8705882352940001,167,-0.43765494737755783,-54.9729,0.954372623574145,0.9418772563176891
23646938,0.885714285714,259,-0.106619741533176,0.873563218391,184,-0.433147600749289,-64.4229,informer,informer
24180608,0.8971962616820001,291,-0.09551791286169595,0.816901408451,120,-0.420429160558577,-15.0014,0.94,0.929074889867841
24856364,0.855855855856,163,-0.12849849878560002,0.844827586207,250,-0.4915174269869389,-12.2029,0.959322033898305,0.946864686468647
24896610,0.8061224489800001,45,-0.16726946093427497,0.8061224489800001,100,-0.64253168731413,-93.6029,0.941463414634146,0.930603448275862
24949545,0.8348623853210001,96,-0.14773045650345995,0.786516853933,69,-0.648944772084427,-81.8557,0.793103448275862,0.8373737373737371
25023715,0.877358490566,232,-0.101582647805045,0.875,334,-0.37411854298587494,informer,0.0,informer
25093474,0.8571428571430001,168,-0.12929988970858597,0.844660194175,313,-0.43898829136510586,-6.61286,0.941747572815534,0.930901287553648
25190921,0.802083333333,41,-0.15606482661231105,0.792079207921,88,-0.595776221940293,-2.96143,0.936842105263158,0.9261467889908258
25190924,0.746835443038,14,-0.20638184630958503,0.746835443038,37,-0.5969524941255041,-3.1,0.9378238341968912,0.927149321266968
25190926,0.8152173913040001,59,-0.15310228108283397,0.8152173913040001,65,-0.6620563168471871,-4.08,0.943661971830986,0.933195020746888
25210971,0.5567010309279999,9,-0.33815013644234504,0.5567010309279999,25,-0.88174896204922,-1.52714,0.9578947368421048,0.656410256410256
25210972,0.5656565656570001,10,-0.328817446717987,0.5656565656570001,26,-0.8510217172649531,-3.7185699999999997,0.0,0.538095238095238
25211574,0.548387096774,7,-0.34568660287004405,0.548387096774,19,-0.8717861787654521,informer,0.962264150943396,informer
25218571,0.545454545455,6,-0.346426156207322,0.459183673469,2,-0.9191230147571049,-5.61857,0.963414634146341,0.737704918032787
25218573,0.553191489362,8,-0.341377021777958,0.553191489362,20,-0.8678601676726669,0.12571400000000002,0.9584775086505192,0.945791245791246
25218584,0.43617021276600004,4,-0.422201550806233,0.43617021276600004,14,-0.9488051126920581,informer,0.961904761904762,0.666666666666667
25218593,0.587628865979,11,-0.315741807437985,0.515463917526,8,-0.8207450496922561,informer,0.0,0.33333333333333304
25218600,0.450549450549,5,-0.4108072829099771,informer,informer,informer,-6.608569999999999,informer,informer
25218601,0.431818181818,3,-0.424761673926752,informer,informer,informer,-7.914289999999999,informer,informer
25218614,informer,informer,informer,informer,informer,informer,-2.38429,informer,0.38888888888888895
25218621,0.225,0,-0.5693843375472472,0.225,1,-1.079017011156304,-4.28,0.957746478873239,0.4733333333333329
25263078,0.834951456311,100,-0.14533407097162002,0.821917808219,138,-0.5600766153383611,-1.92714,0.963076923076923,0.950764525993884
25263083,0.864077669903,190,-0.11768695944334205,0.8518518518520001,244,-0.4712384229717381,-5.88143,0.9638554216867472,0.951651651651652
25263087,0.863636363636,187,-0.11696395003310497,0.8521739130429999,275,-0.4478867771919861,-3.61429,0.960264900662252,0.948064516129032
25263088,0.8532110091740001,156,-0.12440433513659097,0.8421052631579999,178,-0.4881580157927059,-3.0,0.960526315789474,0.9482315112540188
25263092,0.8155339805830001,60,-0.15670039393655094,0.805555555556,146,-0.5404322226175668,-28.46,0.962616822429907,0.950461538461538
25263099,0.8,33,-0.16960102632285595,0.790476190476,92,-0.5953375220663518,-10.08,0.9589041095890408,0.946333333333333
25263103,0.80198019802,38,-0.16562673784091503,0.80198019802,134,-0.5660143940485951,-40.06,0.96039603960396,0.663414634146341
25263110,0.8317757009350001,89,-0.14781867308195196,0.821428571429,200,-0.5298818332995427,-16.5543,0.958762886597938,0.946153846153846
25263114,0.828571428571,86,-0.14944210692816903,0.828571428571,216,-0.515605564202419,-6.66143,0.958620689655172,0.9459731543624158
25263115,0.8348623853210001,97,-0.14516901591210993,0.824561403509,224,-0.519850921116982,-10.69,0.963963963963964,0.951796407185629
25263116,0.8348623853210001,98,-0.14255961057759794,0.824561403509,230,-0.5129532250756879,-14.6029,0.960655737704918,0.948397435897436
25263117,0.78431372549,21,-0.177444387618129,0.78431372549,73,-0.5692303911507249,-25.5829,0.9642857142857142,0.7403225806451609
25263118,0.798076923077,32,-0.16744084838679604,0.798076923077,127,-0.6012782155429279,-3.76286,0.9614147909967852,0.94937106918239
25263119,0.803738317757,43,-0.16461812706304,0.803738317757,84,-0.5983288679079721,-2.27143,0.9643916913946592,0.9522255192878342
25263120,0.823008849558,70,-0.146019199655053,0.823008849558,211,-0.5284752504064311,-8.89,0.781818181818182,0.8305263157894741
25263123,0.813559322034,55,-0.15423914558284796,0.80487804878,140,-0.5373100065984538,-2.03286,0.0,0.592592592592593
25263124,0.808695652174,50,-0.15657018613786305,0.8,116,-0.5385223608117199,-9.26571,0.0,0.69375
25263274,0.814516129032,58,-0.154398938915046,0.814516129032,181,-0.5396232031107071,-2.97571,0.958333333333333,0.945608108108108
42618163,0.894230769231,276,-0.10577258329923402,0.814814814815,87,-0.4991465187911801,-8.692860000000001,0.96078431372549,0.948562300319489
42618164,0.892156862745,270,-0.10396848636394404,0.779220779221,59,-0.562447817067111,-5.32143,0.960912052117264,0.9487261146496808
44329036,0.80198019802,39,-0.16292086018114005,0.780952380952,62,-0.548961169520017,-5.25571,0.95,0.937837837837838
44386338,0.916666666667,335,-0.07724528215022299,0.851351351351,107,-0.45619877522780095,-13.1957,0.0,0.41
44396990,0.91,321,-0.082097701955308,0.895238095238,349,-0.339723933848158,-7.81429,0.8356164383561641,0.854954954954955
44397010,informer,informer,informer,0.9029126213590001,347,-0.31927615412203997,informer,0.815384615384615,0.846666666666667
44397032,0.888888888889,265,-0.09414869286902902,0.875,335,-0.34895890568531696,-2.4942900000000003,0.8554216867469878,0.865833333333333
44397147,0.92,339,-0.07315814112003598,0.901234567901,345,-0.317829419204826,-4.00143,0.951612903225806,0.9390151515151508
44397201,0.891089108911,266,-0.09325562105840599,0.8666666666670001,332,-0.3540406625663588,-0.987143,0.826086956521739,0.8522935779816508
44397250,0.8969072164949999,288,-0.08889617765075905,0.893203883495,333,-0.3392985661338349,informer,0.0,0.849532710280374
44397453,0.911764705882,325,-0.07785905264476901,0.904761904762,340,-0.301524007897799,informer,0.0,0.8587719298245609
44397710,0.9029126213590001,305,-0.08724706944420095,0.888888888889,322,-0.35783304310085,-2.15,0.924528301886792,0.915706806282722
44410704,0.823008849558,71,-0.1521341731109,0.823008849558,217,-0.50585962548329,-2.9771400000000003,0.9314285714285708,0.921463414634146
44418532,0.881720430108,250,-0.10693046789559796,0.881720430108,306,-0.39641341687660697,-58.5043,0.935483870967742,0.9251162790697672
44418533,0.905263157895,311,-0.08346225811743299,0.905263157895,346,-0.32697338065625603,-10.5343,0.935828877005348,0.9254629629629628
44418539,informer,informer,informer,0.893617021277,280,-0.40257179199178983,-59.2186,0.934065934065934,0.9236966824644548
44418540,0.879120879121,240,-0.102763521269614,0.879120879121,323,-0.36998578328034903,-66.6557,0.933333333333333,0.923333333333333
44418545,0.9072164948450001,316,-0.08386723460695493,0.9072164948450001,336,-0.320667629823604,-37.38,0.952941176470588,0.94037037037037
44418546,0.895833333333,281,-0.09647508363210103,0.881188118812,292,-0.4078885877961711,-25.7271,0.954198473282443,0.941666666666667
44418547,0.894736842105,277,-0.09718565533594095,0.894736842105,286,-0.3976244761790121,-42.1729,0.942857142857143,0.9323529411764708
44418555,0.894736842105,278,-0.09947239331808398,0.883116883117,287,-0.40203134670849405,-23.0157,0.934782608695652,0.9244131455399058
44418556,0.895833333333,282,-0.09748791082467102,0.895833333333,293,-0.3906775135152591,-22.4814,0.935135135135135,0.924766355140187
44418572,0.8989898989899999,295,-0.09337240564088604,0.897058823529,310,-0.37371961659217506,-61.4286,0.934426229508197,0.924056603773585
44431824,0.87,212,-0.12277265642841001,0.8679245283020001,220,-0.450214092133413,-2.73,0.939086294416244,0.928444444444444
44433171,0.893203883495,272,-0.09844523477598499,0.805970149254,60,-0.43665887562980804,-5.03571,0.9547169811320748,0.942293906810036
44433173,0.88679245283,261,-0.10305068631286801,0.816901408451,126,-0.483932032964168,-16.0529,0.9402985074626872,0.9293859649122808
44532204,informer,informer,informer,0.83950617284,147,-0.44884615276530615,-96.0943,0.964912280701754,informer
44532523,informer,informer,informer,0.843137254902,149,-0.4705818247539191,-3.0628599999999997,0.9647058823529407,0.9526470588235292
44536036,0.871559633028,216,-0.114801414631317,informer,informer,informer,-62.5929,informer,0.952923976608187
44571414,0.856,166,-0.12719316600082203,0.846153846154,179,-0.4789055550909661,-5.4028599999999996,0.9590443686006828,0.9465116279069772
44571435,0.8571428571430001,169,-0.12872507926429094,0.846153846154,298,-0.4584060968542061,-4.49857,0.962962962962963,0.9506134969325152
44571449,0.840336134454,114,-0.13747926490972098,0.821138211382,196,-0.48130582338504396,-13.68,0.959183673469388,0.946688741721854
44571453,0.844036697248,129,-0.134681243749496,0.844036697248,238,-0.45884576100518404,-3.6314300000000004,0.962025316455696,0.949844236760125
44578253,0.867346938776,200,-0.116861636069372,0.831683168317,242,-0.4470232803921629,-3.25143,0.9597315436241608,0.947385620915033
44578254,0.852631578947,153,-0.12609119119768097,0.84,276,-0.435807436542859,0.34,0.959866220735786,0.9475570032573292
44578255,0.877551020408,233,-0.11007617359980698,0.841584158416,282,-0.436896134329751,-1.48286,0.963525835866261,0.951212121212121
44578401,0.88,245,-0.10811619941475303,0.844660194175,294,-0.4443817092352449,-3.2471400000000004,0.963636363636364,0.951359516616314
44578425,0.88,246,-0.10869532458464903,0.855769230769,258,-0.44923242127151397,-5.4842900000000006,0.96319018404908,0.9509146341463408
44578563,0.873684210526,224,-0.11341972950401902,0.86,320,-0.40074967369013004,-4.76286,0.96,0.947727272727273
44578672,0.8518518518520001,151,-0.12995049513017695,0.8303571428569999,232,-0.5130515131625291,-6.50286,0.959459459459459,0.94703947368421
44581222,0.632653061224,13,-0.28724748830988306,0.632653061224,32,-0.7423776638548769,-2.63857,0.958041958041958,0.9454237288135592
44581245,0.24675324675299998,1,-0.5585941419830021,0.24675324675299998,7,-1.0593675399349332,-4.78571,0.962732919254658,informer
44581765,0.35802469135799997,2,-0.4822131255121951,0.35802469135799997,13,-0.978893523576277,-4.64571,0.9581881533101048,0.66
44587530,0.823008849558,72,-0.15555772479137497,0.813559322034,170,-0.544313227851386,-2.60143,0.961783439490446,0.9496875
44589696,0.8962264150939999,284,-0.10294860584531307,0.872727272727,330,-0.41047015748643895,-3.44,0.9612903225806452,0.949211356466877
44593640,0.875,227,-0.112335458036305,0.841121495327,278,-0.444091317463361,-1.01286,0.95959595959596,0.947213114754098
53239955,0.878787878788,238,-0.10456347442251299,0.7894736842110001,42,-0.6240683587785949,-15.5971,0.7209302325581389,0.684782608695652
53239967,0.92523364486,342,-0.06797461919250299,informer,informer,informer,-45.2171,informer,informer
53239978,0.915887850467,333,-0.07386761927990497,0.817073170732,70,-0.49136170371990995,-16.3086,0.7,0.427272727272727
53239984,0.8,34,-0.16323920175920897,0.8,128,-0.500403013896378,0.385714,0.666666666666667,0.8105882352941179
53239985,0.794392523364,26,-0.166736785715528,0.794392523364,109,-0.5149273539343961,-1.33429,0.6571428571428571,0.808333333333333
53239988,0.6116504854370001,12,-0.303197762916972,0.611111111111,31,-0.814851378878254,-3.80429,0.8620689655172409,0.6
56603966,0.862903225806,185,-0.11254513710576801,0.834645669291,260,-0.40405141842413694,-1.19143,0.8991596638655458,0.894771241830065
56603973,0.859375,174,-0.12204503881453502,0.8582089552240001,191,-0.47542553117521896,-0.33714299999999997,0.921052631578947,0.9125
56603975,0.8267716535430001,82,-0.14785408296862995,0.809160305344,164,-0.499477602287888,-6.35429,0.91044776119403,0.9030120481927708
56603980,0.820754716981,65,-0.147832489713587,0.788990825688,86,-0.521999250297017,-10.4086,0.870967741935484,0.87421875
56603987,0.828828828829,87,-0.142127392096499,0.828828828829,202,-0.536656493258783,-5.92,0.9189189189189192,0.910555555555556
56603995,0.861788617886,183,-0.11309908996979899,0.8425196850390001,296,-0.3929251060257118,-3.47571,0.7735849056603772,0.8287234042553191
56603997,0.833333333333,92,-0.13608500689340403,0.833333333333,254,-0.5060739989817632,-3.26714,0.916666666666667,0.9085227272727272
56604000,0.839285714286,110,-0.13458826154951004,0.8290598290600001,203,-0.502701866909437,-5.21857,0.917808219178082,0.909550561797753
56604005,0.880341880342,248,-0.10076316380084,0.8688524590160001,338,-0.35590022130790405,0.641429,0.7692307692307689,0.8268817204301079
56604006,0.826923076923,83,-0.15596258163320595,0.826923076923,214,-0.569717756298648,-80.8743,0.6923076923076921,0.817045454545455
56604013,0.860655737705,178,-0.11396181136968599,0.84126984127,284,-0.41289437814314994,-1.5014299999999998,0.7777777777777779,informer
56604020,0.8,35,-0.17070952899127595,0.8,76,-0.677204718538779,-82.72,0.965217391304348,0.953333333333333
56604024,0.821428571429,67,-0.14999240923852497,0.821428571429,199,-0.47214142328806497,-3.26143,0.9160839160839158,0.908
56604030,0.849557522124,144,-0.13232993882470395,0.8487394957979999,130,-0.5505208836695349,-46.9557,0.8899082568807339,0.8874125874125871
56604034,0.8780487804880001,236,-0.10491929560494397,informer,informer,informer,-2.47571,informer,informer
56604044,0.783505154639,19,-0.18111252861609703,0.783505154639,61,-0.601243693963411,-76.8857,0.965014577259475,0.953061224489796
56604049,0.824817518248,78,-0.143255471734557,0.824817518248,235,-0.5052990219231831,-4.22286,0.92156862745098,0.912972972972973
56657596,0.9130434782610001,328,-0.08436959074701796,0.890756302521,324,-0.32939409750721604,-20.6071,0.7894736842105259,0.8357142857142859
56667992,0.925925925926,345,-0.07265380268111801,0.802469135802,64,-0.525112647399929,-7.474289999999999,0.7142857142857142,0.566666666666667
56667993,0.9074074074070001,317,-0.08206734175320693,0.883928571429,339,-0.353811662105159,-2.69286,0.7857142857142858,0.834020618556701
56681565,0.8971962616820001,292,-0.08773479550559696,0.7625,46,-0.5668970924920491,-7.58857,0.7272727272727271,0.8191011235955059
57390087,0.871794871795,217,-0.113376641233043,0.822916666667,71,-0.5371452267262828,-14.5543,0.878787878787879,0.879850746268657
57391091,0.84347826087,126,-0.13511767896292903,0.8235294117649999,218,-0.5064895570594841,-28.0714,0.8857142857142858,0.884172661870504
57391092,0.842975206612,123,-0.13673865066794502,0.814516129032,182,-0.5614078712261961,-21.8571,0.8965517241379308,0.892666666666667
57391093,0.8984375,293,-0.099872124223609,0.8490566037739999,166,-0.4705818476102301,-4.75143,0.9083969465648852,0.9012269938650308
57391094,0.8861788617890001,260,-0.11159349709012997,0.831683168317,119,-0.48696037948375204,-3.46571,0.911764705882353,0.904166666666667
57391095,0.8671875,199,-0.122683164868463,0.833333333333,129,-0.4866035215124592,-6.5185699999999995,0.913669064748201,0.905847953216374
57391096,0.8421052631579999,120,-0.14183663397400303,informer,informer,informer,informer,informer,informer
57391097,0.8666666666670001,196,-0.11808523518864794,0.8652482269499999,185,-0.470676363822684,-1.10286,0.920529801324503,0.9120218579234972
57391875,0.896551724138,285,-0.091747463330952,0.884297520661,342,-0.3331793523704131,-4.30429,0.8723404255319149,0.8751937984496121
57392873,0.824742268041,77,-0.15468511133911697,0.824742268041,111,-0.587799091786813,-89.2757,0.904,0.898101265822785
57393604,0.8404255319149999,116,-0.13871358212085808,0.767123287671,52,-0.623986221707383,-14.3614,0.8736842105263158,0.876153846153846
57394599,0.8691588785050001,208,-0.12428490415818697,0.8082191780820001,66,-0.5459581956141879,-32.7971,0.8888888888888891,0.8866197183098591
57394600,0.883495145631,255,-0.10640418319472605,0.883495145631,291,-0.3583256871720989,-4.04571,0.900826446280992,0.896129032258065
57394601,0.901639344262,301,-0.09968694743036402,0.8383838383840001,143,-0.4863307283397021,-3.5914300000000003,0.907692307692308,0.900617283950617
57394602,0.8699186991869999,211,-0.12265420423209306,0.846153846154,159,-0.49119128309797894,-3.3971400000000003,0.909774436090226,0.902424242424242
57395310,0.7830188679250001,18,-0.18037130943444996,0.7747747747750001,55,-0.6729080655185249,-85.9786,0.882352941176471,0.882481751824817
57395317,0.8828125,253,-0.10846793128093501,0.8518518518520001,112,-0.503527422770216,-2.72143,0.88,0.8807407407407409
57396350,0.873949579832,225,-0.11785782473432405,0.8505747126440001,234,-0.45935644768556494,-80.9329,0.892857142857143,0.88972602739726
57396351,0.8691588785050001,209,-0.12488200684457897,0.8082191780820001,72,-0.5279257982876459,-31.7543,0.8947368421052628,0.8912162162162159
57396352,0.8613861386139999,181,-0.13494741880190705,0.791044776119,24,-0.563486334032436,-28.43,0.8956521739130441,0.891946308724832
57396353,0.826086956522,80,-0.15069935592473602,informer,informer,informer,-91.4486,0.905511811023622,0.72
57398144,0.845454545455,132,-0.14025290049072903,0.786516853933,75,-0.622640421728275,-75.45,0.883495145631068,0.883333333333333
57398145,0.8421052631579999,121,-0.13485132235090105,0.831932773109,221,-0.5126436411630702,-55.4886,0.8846153846153849,0.6068965517241379
57398146,0.870229007634,214,-0.11876253058656999,0.8432835820899999,308,-0.44344039969820714,-5.45857,0.8878504672897201,0.885815602836879
57398147,0.846846846847,135,-0.13589914563633904,0.8404255319149999,82,-0.5792749168735991,-3.53429,0.8918918918918921,0.8889655172413791
57398148,0.838095238095,106,-0.15274584892505003,0.827272727273,215,-0.5532232022545529,-4.43714,0.9032258064516128,0.716666666666667
57398149,0.777777777778,16,-0.18587957686091106,0.777777777778,49,-0.6074616027418861,-55.1514,0.9047619047619052,0.8987421383647801
57398150,0.863636363636,188,-0.10842678553278698,0.8421052631579999,290,-0.36916801669182997,-3.11286,0.90625,0.899375
57398151,0.900826446281,299,-0.10174332860991603,0.8367346938779999,135,-0.4898299540986091,-4.71286,0.906976744186047,0.9
57398152,0.901639344262,302,-0.09871928503495202,0.826530612245,101,-0.5102717949820551,-0.757143,0.9090909090909092,0.901829268292683
57398153,0.850393700787,145,-0.13167325021887696,0.8320610687019999,155,-0.5048140628660271,-3.7585699999999997,0.91304347826087,0.9052941176470592
57398154,0.868686868687,204,-0.13044837451338503,0.78125,12,-0.615943864059733,-3.5785699999999996,0.922077922077922,0.913440860215054
57398861,0.8095238095239999,51,-0.15635291918200706,0.7547169811319999,44,-0.5548203900535542,0.15,0.8695652173913041,0.873228346456693
57398866,0.914285714286,329,-0.08539870757144499,0.869047619048,226,-0.39574148760903505,-9.26143,0.8775510204081629,0.878947368421053
57398867,0.92523364486,343,-0.07554890328360897,0.9009009009010001,328,-0.3554672994746819,-4.53857,0.8762886597938141,0.8780303030303029
57399798,informer,informer,informer,0.814814814815,102,-0.5362971852394871,-38.9357,0.890909090909091,0.8881944444444441
57399799,0.859813084112,176,-0.13316153712749504,0.810810810811,96,-0.555243293672095,-9.33714,0.897435897435897,0.8933774834437092
57399800,0.858333333333,171,-0.12928027568580203,0.8387096774189999,183,-0.4670601272365551,-1.8928599999999998,0.9111111111111108,0.9035928143712572
57399801,0.929203539823,348,-0.06554194002811402,0.45454545454499995,9,-0.7872297475930271,-6.14429,0.9154929577464792,0.907471264367816
57399802,0.8484848484849999,138,-0.12350630439287805,0.847619047619,277,-0.42184994525702313,-4.75714,0.92,0.911538461538462
57399803,0.9126213592229999,327,-0.07850085787037807,0.885714285714,300,-0.36401886764503205,-48.2786,0.92258064516129,0.913903743315508
57399804,0.90625,312,-0.09207947860260601,0.8730158730159999,270,-0.3622577925324072,-37.2386,0.923076923076923,0.91436170212766
57399805,0.896551724138,286,-0.09245566234722101,0.853658536585,246,-0.398916618967494,-32.47,0.9235668789808922,0.914814814814815
57400541,0.843137254902,124,-0.13572459974472,0.8317757009350001,207,-0.49321729392369895,-3.5985699999999996,0.866666666666667,0.8712
57400542,0.919191919192,338,-0.07427097435824297,0.903846153846,348,-0.3031524733779609,-78.06,0.875,0.8770992366412209
57400544,0.904255319149,306,-0.12988127969714297,0.88,269,-0.4071710621674379,-2.25857,0.8636363636363641,0.8691056910569109
57400545,0.8163265306119999,61,-0.1580585808008691,0.794117647059,104,-0.5365135562029472,-4.04143,0.8681318681318679,0.8722222222222221
57401572,0.855855855856,165,-0.12947684671567303,0.855855855856,190,-0.49873788626067295,-81.8271,0.8938053097345129,0.89047619047619
57401573,0.859813084112,177,-0.11170758284393703,0.8584070796459999,316,-0.39072850635966305,-3.8357099999999997,0.9,0.895454545454546
57401574,0.892156862745,271,-0.10560593497157504,0.8101265822779999,77,-0.5286013319286852,-6.764289999999999,0.902439024390244,0.8974522292993629
57401575,0.837837837838,104,-0.136948641402317,0.837837837838,154,-0.497673387850827,-7.585710000000001,0.924050632911392,0.9152631578947372
57403316,0.863636363636,189,-0.11963450082471698,0.8602150537630001,195,-0.4921508341116449,-15.1457,0.886792452830189,0.885
57403317,0.868421052632,202,-0.124835878827175,0.8414634146340001,210,-0.49448097670061997,-61.7829,0.898305084745763,0.894078947368421
57403318,0.8217821782179999,69,-0.14949850797152606,0.8217821782179999,177,-0.5222673749022471,-4.8857099999999996,0.9016393442622952,0.8967948717948722
57403319,0.877049180328,230,-0.11575221067216397,0.8571428571430001,219,-0.43668675444431193,-2.88,0.912408759124088,0.9047337278106508
57403320,0.835164835165,102,-0.13160983308018004,0.835164835165,265,-0.39088632819565505,-4.42286,0.919463087248322,0.911049723756906
70682205,0.810810810811,53,-0.15522295476016296,0.747747747748,38,-0.5553249592669929,-3.25,0.9298245614035092,0.919900497512438
70696859,0.8125,54,-0.153553791199518,0.771929824561,56,-0.562166675112298,-6.08286,0.9302325581395352,0.92029702970297
